{
    "23001": {
        "Param": {
            "a_dmg": [
                0.060000000055879354,
                0.07000000006519258,
                0.0800000000745058,
                0.09000000008381903,
                0.10000000009313226
            ],
            "e_dmg": [
                0.060000000055879354,
                0.07000000006519258,
                0.0800000000745058,
                0.09000000008381903,
                0.10000000009313226
            ],
            "q_crit_dmg": [
                0.12000000011175871,
                0.14000000013038516,
                0.1600000001490116,
                0.18000000016763806,
                0.20000000018626451
            ]
        },
        "AbilityProperty": [
            0.18000000016763806,
            0.21000000019557774,
            0.24000000022351742,
            0.2700000002514571,
            0.3000000002793968
        ]

    },
    "唯有沉默": {
        "enable": true,
        "trigger": {
            "enemyCount": 2
        },
        "step": null,
        "attrChange": {
            "CriticalChance": [
                0.12,
                0.15,
                0.18,
                0.21,
                0.24
            ]
        }
    },
    "如泥酣眠": {
        "enable": false
    },
    "24001": {
        "Param": {
            "CriticalChance": [
                0.0800000000745058,
                0.10000000009313226,
                0.12000000011175871,
                0.14000000013038516,
                0.1600000001490116
            ],
            "AttackAddedRatio": [
                0.20000000018626451,
                0.25000000023283064,
                0.3000000002793968,
                0.3500000003259629,
                0.40000000037252903
            ]
        },
        "AbilityProperty": [
            0.0800000000745058,
            0.10000000009313226,
            0.12000000011175871,
            0.14000000013038516,
            0.1600000001490116
        ]
    },
    "春水初生": {
        "enable": true,
        "trigger": {
            "initBattle": true
        },
        "attrChange": {
            "SpeedAddedRatio": [
                0.08,
                0.09,
                0.1,
                0.11,
                0.12
            ]
        },
        "Dmg": [
            0.12,
            0.15,
            0.18,
            0.21,
            0.24
        ]
    },
    "点个关注吧！": {
        "enable": true,
        "trigger": {
            "fullSP": true
        },
        "A_finalDmg": [
            0.24,
            0.3,
            0.36,
            0.42,
            0.48
        ],
        "E_finalDmg": [
            0.24,
            0.3,
            0.36,
            0.42,
            0.48
        ]
    },
    "相抗": {
        "enable": true,
        "trigger": {
            "eliminateEnemy": true
        },
        "attrChange": {
            "SpeedAddedRatio": [
                0.1,
                0.12,
                0.14,
                0.16,
                0.18
            ]
        }
    },
    "离弦": {
        "enable": true,
        "trigger": {
            "eliminateEnemy": true
        },
        "attrChange": {
            "SpeedAddedRatio": [
                0.24,
                0.3,
                0.36,
                0.42,
                0.48
            ]
        }
    },
    "论剑": {
        "enable": true,
        "trigger": {
            "focusEnemy": true
        },
        "Dmg": [
            0.08,
            0.1,
            0.12,
            0.14,
            0.16
        ]
    },
    "重返幽冥": {
        "enable": false
    },
    "锋镝": {
        "enable": true,
        "trigger": {
            "initBattle": true
        },
        "attrChange": {
            "CriticalChance": [
                0.12,
                0.15,
                0.18,
                0.21,
                0.24
            ]
        }
    }
}
