{
    "1102": {
        "Normal": [
            0.5000000004656613,
            0.6000000005587935,
            0.7000000006519258,
            0.8000000007450581,
            0.9000000008381903,
            1.1000000000931323,
            1.2000000001862645,
            1.3000000002793968
        ],
        "BPSkill": [
            1.1000000000931323,
            1.2100000001955777,
            1.3200000002980232,
            1.4300000004004687,
            1.5400000005029142,
            1.6500000006053597,
            1.7875000005587935,
            1.9250000005122274,
            2.0625000002328306,
            2.2000000001862645,
            2.31000000028871,
            2.4200000003911555,
            2.530000000493601,
            2.6400000005960464,
            2.750000000698492
        ],
        "Ultra": [
            2.5500000005122274,
            2.7200000006705523,
            2.890000000828877,
            3.0600000000558794,
            3.230000000214204,
            3.400000000372529,
            3.612500000745058,
            3.825000000419095,
            4.037499999860302,
            4.250000000232831,
            4.4200000003911555,
            4.59000000054948,
            4.760000000707805,
            4.93000000086613,
            5.100000000093132
        ],
        "": [
            0.40000000037252903,
            0.44000000040978193,
            0.48000000044703484,
            0.5200000004842877,
            0.5600000005215406,
            0.6000000005587935,
            0.6500000006053597,
            0.7000000006519258,
            0.7500000006984919,
            0.8000000007450581,
            0.840000000782311,
            0.8800000008195639,
            0.9200000008568168,
            0.9600000008940697,
            1
        ],
        "Maze": [
            20
        ]
    }
}
