{
  "2": {
    "1": {
      "GroupID": 2,
      "AffixID": 1,
      "Property": "HPDelta",
      "BaseValue": {
        "Value": 13.548016000073403
      },
      "StepValue": {
        "Value": 1.693502000765875
      },
      "StepNum": 2
    },
    "2": {
      "GroupID": 2,
      "AffixID": 2,
      "Property": "AttackDelta",
      "BaseValue": {
        "Value": 6.774008000502363
      },
      "StepValue": {
        "Value": 0.8467510011978447
      },
      "StepNum": 2
    },
    "3": {
      "GroupID": 2,
      "AffixID": 3,
      "Property": "DefenceDelta",
      "BaseValue": {
        "Value": 6.774008000502363
      },
      "StepValue": {
        "Value": 0.8467510011978447
      },
      "StepNum": 2
    },
    "4": {
      "GroupID": 2,
      "AffixID": 4,
      "Property": "HPAddedRatio",
      "BaseValue": {
        "Value": 0.013824000488966703
      },
      "StepValue": {
        "Value": 0.0017280005849897861
      },
      "StepNum": 2
    },
    "5": {
      "GroupID": 2,
      "AffixID": 5,
      "Property": "AttackAddedRatio",
      "BaseValue": {
        "Value": 0.013824000488966703
      },
      "StepValue": {
        "Value": 0.0017280005849897861
      },
      "StepNum": 2
    },
    "6": {
      "GroupID": 2,
      "AffixID": 6,
      "Property": "DefenceAddedRatio",
      "BaseValue": {
        "Value": 0.017280000261962414
      },
      "StepValue": {
        "Value": 0.002160000381991267
      },
      "StepNum": 2
    },
    "7": {
      "GroupID": 2,
      "AffixID": 7,
      "Property": "SpeedDelta",
      "BaseValue": {
        "Value": 1
      },
      "StepValue": {
        "Value": 0.10000000009313226
      },
      "StepNum": 2
    },
    "8": {
      "GroupID": 2,
      "AffixID": 8,
      "Property": "CriticalChanceBase",
      "BaseValue": {
        "Value": 0.010368000715970993
      },
      "StepValue": {
        "Value": 0.001296000787988305
      },
      "StepNum": 2
    },
    "9": {
      "GroupID": 2,
      "AffixID": 9,
      "Property": "CriticalDamageBase",
      "BaseValue": {
        "Value": 0.020736000733450055
      },
      "StepValue": {
        "Value": 0.0025920008774846792
      },
      "StepNum": 2
    },
    "10": {
      "GroupID": 2,
      "AffixID": 10,
      "Property": "StatusProbabilityBase",
      "BaseValue": {
        "Value": 0.013824000488966703
      },
      "StepValue": {
        "Value": 0.0017280005849897861
      },
      "StepNum": 2
    },
    "11": {
      "GroupID": 2,
      "AffixID": 11,
      "Property": "StatusResistanceBase",
      "BaseValue": {
        "Value": 0.013824000488966703
      },
      "StepValue": {
        "Value": 0.0017280005849897861
      },
      "StepNum": 2
    },
    "12": {
      "GroupID": 2,
      "AffixID": 12,
      "Property": "BreakDamageAddedRatioBase",
      "BaseValue": {
        "Value": 0.020736000733450055
      },
      "StepValue": {
        "Value": 0.0025920008774846792
      },
      "StepNum": 2
    }
  },
  "3": {
    "1": {
      "GroupID": 3,
      "AffixID": 1,
      "Property": "HPDelta",
      "BaseValue": {
        "Value": 20.32202300033532
      },
      "StepValue": {
        "Value": 2.540253001032397
      },
      "StepNum": 2
    },
    "2": {
      "GroupID": 3,
      "AffixID": 2,
      "Property": "AttackDelta",
      "BaseValue": {
        "Value": 10.161012000171468
      },
      "StepValue": {
        "Value": 1.2701260005123913
      },
      "StepNum": 2
    },
    "3": {
      "GroupID": 3,
      "AffixID": 3,
      "Property": "DefenceDelta",
      "BaseValue": {
        "Value": 10.161012000171468
      },
      "StepValue": {
        "Value": 1.2701260005123913
      },
      "StepNum": 2
    },
    "4": {
      "GroupID": 3,
      "AffixID": 4,
      "Property": "HPAddedRatio",
      "BaseValue": {
        "Value": 0.020736000733450055
      },
      "StepValue": {
        "Value": 0.0025920008774846792
      },
      "StepNum": 2
    },
    "5": {
      "GroupID": 3,
      "AffixID": 5,
      "Property": "AttackAddedRatio",
      "BaseValue": {
        "Value": 0.020736000733450055
      },
      "StepValue": {
        "Value": 0.0025920008774846792
      },
      "StepNum": 2
    },
    "6": {
      "GroupID": 3,
      "AffixID": 6,
      "Property": "DefenceAddedRatio",
      "BaseValue": {
        "Value": 0.02592000039294362
      },
      "StepValue": {
        "Value": 0.0032400002237409353
      },
      "StepNum": 2
    },
    "7": {
      "GroupID": 3,
      "AffixID": 7,
      "Property": "SpeedDelta",
      "BaseValue": {
        "Value": 1.2000000001862645
      },
      "StepValue": {
        "Value": 0.10000000009313226
      },
      "StepNum": 2
    },
    "8": {
      "GroupID": 3,
      "AffixID": 8,
      "Property": "CriticalChanceBase",
      "BaseValue": {
        "Value": 0.015552000375464559
      },
      "StepValue": {
        "Value": 0.0019440008327364922
      },
      "StepNum": 2
    },
    "9": {
      "GroupID": 3,
      "AffixID": 9,
      "Property": "CriticalDamageBase",
      "BaseValue": {
        "Value": 0.031104000052437186
      },
      "StepValue": {
        "Value": 0.0038880009669810534
      },
      "StepNum": 2
    },
    "10": {
      "GroupID": 3,
      "AffixID": 10,
      "Property": "StatusProbabilityBase",
      "BaseValue": {
        "Value": 0.020736000733450055
      },
      "StepValue": {
        "Value": 0.0025920008774846792
      },
      "StepNum": 2
    },
    "11": {
      "GroupID": 3,
      "AffixID": 11,
      "Property": "StatusResistanceBase",
      "BaseValue": {
        "Value": 0.020736000733450055
      },
      "StepValue": {
        "Value": 0.0025920008774846792
      },
      "StepNum": 2
    },
    "12": {
      "GroupID": 3,
      "AffixID": 12,
      "Property": "BreakDamageAddedRatioBase",
      "BaseValue": {
        "Value": 0.031104000052437186
      },
      "StepValue": {
        "Value": 0.0038880009669810534
      },
      "StepNum": 2
    }
  },
  "4": {
    "1": {
      "GroupID": 4,
      "AffixID": 1,
      "Property": "HPDelta",
      "BaseValue": {
        "Value": 27.09603099990636
      },
      "StepValue": {
        "Value": 3.3870039999019355
      },
      "StepNum": 2
    },
    "2": {
      "GroupID": 4,
      "AffixID": 2,
      "Property": "AttackDelta",
      "BaseValue": {
        "Value": 13.548016000073403
      },
      "StepValue": {
        "Value": 1.693502000765875
      },
      "StepNum": 2
    },
    "3": {
      "GroupID": 4,
      "AffixID": 3,
      "Property": "DefenceDelta",
      "BaseValue": {
        "Value": 13.548016000073403
      },
      "StepValue": {
        "Value": 1.693502000765875
      },
      "StepNum": 2
    },
    "4": {
      "GroupID": 4,
      "AffixID": 4,
      "Property": "HPAddedRatio",
      "BaseValue": {
        "Value": 0.027648000279441476
      },
      "StepValue": {
        "Value": 0.0034560004714876413
      },
      "StepNum": 2
    },
    "5": {
      "GroupID": 4,
      "AffixID": 5,
      "Property": "AttackAddedRatio",
      "BaseValue": {
        "Value": 0.027648000279441476
      },
      "StepValue": {
        "Value": 0.0034560004714876413
      },
      "StepNum": 2
    },
    "6": {
      "GroupID": 4,
      "AffixID": 6,
      "Property": "DefenceAddedRatio",
      "BaseValue": {
        "Value": 0.03456000052392483
      },
      "StepValue": {
        "Value": 0.0043200000654906034
      },
      "StepNum": 2
    },
    "7": {
      "GroupID": 4,
      "AffixID": 7,
      "Property": "SpeedDelta",
      "BaseValue": {
        "Value": 1.6000000005587935
      },
      "StepValue": {
        "Value": 0.20000000018626451
      },
      "StepNum": 2
    },
    "8": {
      "GroupID": 4,
      "AffixID": 8,
      "Property": "CriticalChanceBase",
      "BaseValue": {
        "Value": 0.020736000733450055
      },
      "StepValue": {
        "Value": 0.0025920008774846792
      },
      "StepNum": 2
    },